<?xml version="1.0" ?><root>
	<dbfschema>
		<fam>FAM</fam>
		<im>IM</im>
		<ot>OT</ot>
		<dr>DATR</dr>
	</dbfschema>
	<connections>
		<samson db="s11_skib" ip="127.0.0.1" login="root" password="Qwedsa1!"/>
		<kmivc db="POLMCT" ip="127.0.0.1" login="sa" password="rvbdw"/>
		<kmivc_query>

            SELECT smo.OGRN as smoogrn,smo.OMS_CODE as smooms_code,smo.TITLE as smotitle,polis.POLIS_S as pol_polis_s,
            polis.POLIS_N as pol_polis_n,registr.POL as clientpol,registr.SNILS as clientsnils
            , convert(varchar(10),polis.DATO, 126) as pol_polisdato,convert(varchar(10),polis.DATN,126) as pol_polisdatn, polis.polis_type_id as polis_type_id
            , registr.FAM as clientfam,registr.IM as clientim,registr.OTCH as clientot,convert(varchar(10),registr.DATR,126) as clientdr,
            registr.mj as addresstype,
            adr_streetname = street_full.ul_title,
            adr_reg_streetname = registr.STREET_REG,
            adr_dom=registr.dom,
            adr_reg_dom=registr.DOM_REG,
            adr_kv=registr.kv,
            adr_reg_kv=registr.KV_REG,
            adr_streetspr45_id=streettype.spr45_id,
            adr_reg_streetspr45_id=streettypereg.SPR45_ID,
            adr_streettitle=streettype.short_title,
            adr_reg_streettitle=streettypereg.short_title,
            adr_city=department.title,
            adr_reg_city=registr.DEPARTMENT_REG,
            adr_korp=registr.KORP,
            adr_reg_korp=registr.KORP_REG,
            registr.mrab as mrab, registr.phone as tel,
            PASPORT.DOK as doctype, PASPORT.P_S as doc_doc_seria, PASPORT.P_N as doc_doc_number, convert(varchar(10),PASPORT.pas_exit,126) as doc_docdate,
            registr.NUCH as nuch,
            (select top 1 REFPRUCH.NUCH from REFPRUCH
            where REFPRUCH.STREET_ID=
            (case when registr.street_id is null then registr.STREETTYPE_ID_REG else registr.street_id end)
            and (case when registr.street_id is null then registr.DOM_REG else registr.dom end)&gt;REFPRUCH.DOM_BEGIN
            and (case when registr.street_id is null then registr.DOM_REG else registr.dom end)&lt;REFPRUCH.DOM_END
            ) as nuch2,
            registr.D_INPUT as prikD,
            sl.FED_CODE as socstatustype,
            sl.LGOTATYPE_ID as socstatusclass,
            l.L_S as soc_seria,
            l.L_N as soc_number
            from registr
            left join PASPORT on registr.REGISTR_ID=pasport.REGISTR_ID
            left join POLIS on polis.registr_id=registr.REGISTR_ID
            left join smo on polis.smo_id = smo.SMO_ID
            left join street_full on registr.street_id=street_full.street_id
            left join lgota_ex l on l.REGISTR_ID = registr.REGISTR_ID and l.LGOTA = (select MIN(l1.LGOTA)
            from lgota_ex l1
            where l1.REGISTR_ID = l.REGISTR_ID)
            left join SP_LG sl on sl.CODE = l.LGOTA
            left join streettype on street_full.streettype_id=streettype.streettype_id
            left join streettype as streettypereg on registr.STREETTYPE_ID_REG=streettypereg.streettype_id
            left join department on street_full.department_id=department.department_id
            where registr.DATR is not null and registr.PRAR is null

		</kmivc_query>
		<mkt_query>
            IF OBJECT_ID ( 'ImportR23PN', 'P' ) IS NOT NULL
                DROP PROCEDURE ImportR23PN;
            endblock
            create PROCEDURE ImportR23PN
            AS
            BEGIN
            SET NOCOUNT ON;
            IF OBJECT_ID('AddressTable', 'U') IS NOT NULL
            drop table AddressTable

            select  ca_adr_freeInput=adr.ADRES,
            ca_reg_freeInput=reg.ADRES,
            ca_adr_streetcode=adr_klsteet.KLCODE,
            ca_reg_streetcode=reg_klsteet.KLCODE,
            ca_dom=adr.dom,
            ca_reg_dom=reg.dom,
            ca_kv=adr.kv,
            ca_reg_kv=reg.kv,
            ca_korp=adr.KORP,
            ca_reg_korp=reg.KORP,
            ca_city=case when adr_kladr2.KLCODE is null then adr_kladr.KLCODE else adr_kladr2.KLCODE end,
            ca_reg_city=case when reg_kladr2.KLCODE is null then reg_kladr.KLCODE else reg_kladr2.KLCODE end,
            registr.REGISTR_ID as rid
            into AddressTable from registr
            left join REGISTRADRES as adr on registr.REGISTR_ID=adr.REGISTR_ID and adr.IS_REG=0
            left join REGISTRADRES as reg on registr.REGISTR_ID=reg.REGISTR_ID and reg.IS_REG=1
            left join KLADR as adr_kladr on adr.KLADR1_ID=adr_kladr.KLADR_ID
            left join KLADR as adr_kladr2 on adr.KLADR2_ID=adr_kladr.KLADR_ID
            left join KLSTREET as adr_klsteet on adr.KLSTREET_ID = adr_klsteet.KLSTREET_ID
            left join KLSTREETTYPE as adr_klsttype on adr.STREETTYPE_ID =adr_klsttype.KLSTREETTYPE_ID
            left join KLADR as reg_kladr on reg.KLADR1_ID=reg_kladr.KLADR_ID
            left join KLADR as reg_kladr2 on reg.KLADR2_ID=reg_kladr.KLADR_ID
            left join KLSTREET as reg_klsteet on reg.KLSTREET_ID = reg_klsteet.KLSTREET_ID
            left join KLSTREETTYPE as reg_klsttype on reg.STREETTYPE_ID =reg_klsttype.KLSTREETTYPE_ID;
            end

            endblock
            SELECT
            smo.OGRN as smoogrn, smo.OMS_CODE as smooms_code, smo.TITLE as smotitle, polis.POLIS_S as pol_polis_s, polis.POLIS_N as pol_polis_n,
            registr.POL as clientpol, registr.SNILS as clientsnils, convert(varchar(10),polis.POLIS_BEG, 126) as pol_polisdato,
            convert(varchar(10),polis.POLIS_END,126) as pol_polisdatn, polis.POLISTYPE_ID as polis_type_id, registr.FAM as clientfam,
            registr.IM as clientim, registr.OTCH as clientot, convert(varchar(10),registr.DATR,126) as clientdr,
            registr.mj as addresstype,
            readr.*,
            registr.mrab as mrab, registr.phone as tel,
            PASPORT.WIDDOC_ID as doctype, PASPORT.P_S as doc_doc_seria, PASPORT.P_N as doc_doc_number, convert(varchar(10),PASPORT.pas_exit,126) as doc_docdate,
            Nuch.CODE as nuch,
            lgota.FED_CODE as socstatustype,
            'None' as socstatusclass,
            lgotaex.L_S as soc_seria,
            lgotaex.L_N as soc_number,
            registr.D_INPUT as prikD
            from registr
            left join RegistrNuch on registr.REGISTR_ID=registrnuch.REGISTR_ID  and RegistrNuch.PRAR_ID is null
            LEFT join Nuch on registrnuch.NUCH_ID=nuch.NUCH_ID
            left join PASPORT on registr.REGISTR_ID=pasport.REGISTR_ID
            left join POLIS on polis.registr_id=registr.REGISTR_ID
            left join smo on polis.smo_id = smo.SMO_ID
            left join AddressTable as readr on registr.REGISTR_ID=readr.rid
            left join (select lgotaexrl.LGOTA_ID,lgotaexrl.REGISTR_ID from lgotaexrl
            union
            select lgotaexfed.LGOTA_ID,lgotaexfed.REGISTR_ID from lgotaexfed) as t on t.REGISTR_ID=REGISTR.REGISTR_ID
            left join lgota on t.LGOTA_ID=lgota.LGOTA_ID
            left join lgotaex on registr.REGISTR_ID=lgotaex.REGISTR_ID;


		</mkt_query>
	</connections>
</root>